Platted_Name;Subdivision;Document1;Document2;Book;Page
Ridgmar Landing;RIDGMAR LANDING;1978007801;;G;"67"
LISD Elementary School 9 - Bagdad Elementary;LISD ELEMENTARY SCHOOL;9856123;;Q;"123"
Lakeline Ranch Ph 1;LAKELINE RANCH;2002021065;;V;"310"
Leander 2243 Lot 10 Replat;LEANDER 2243;2007012534;;DD;"16"
Mason Creek North Sec 2 Replat Lots 22-23 Blk C;MASON CREEK NORTH;9433698;;L;"111"
Old Town Village Sec 3 Lots 14-19 Blk C And Lots 8-10 Blk F Replat;OLD TOWN VILLAGE;2005099538;;BB;"88"
"High Gabriel West Lots 20, 21, And 35 (Amd)";HIGH GABRIEL;2004034869;;Y;"339"
Saccone;SACCONE;2006042067;;BB;"344"
Live Oak Ranch Resub Tract 10 Block B;LIVE OAK RANCH;8917480;;J;"254"
HEB Leander;HEB LEANDER;2003102221;;;
Live Oak Ranch Lot 4 Block C Replat;LIVE OAK RANCH;200509272;;BB;"17"
High Chaparral Lot 9 Block 8 Resub;HIGH CHAPARRAL;0;;E;"129"
Retreat At Hero Way ;RETREAT AT HERO WAY;2020149467;;;
South San Gabriel Ranches Resub Lot 2;SOUTH SAN GABRIEL RANCHES;9506831;;L;"290"
Reserve At North Fork;RESERVE AT NORTH FORK;2021129352;;;
LISD Elementary School #17;LISD ELEMENTARY SCHOOL;2006059390;;CC;"48"
Live Oak Ranch Sec 1;LIVE OAK RANCH;0;;B;"191"
Leander Heights Sec 3 Lot 14 And 15 Blk A (Resub);LEANDER HEIGHTS;9540652;;M;"145"
Live Oak Ranch Resub Lots 5-7 Block B;LIVE OAK RANCH;2003029600;;X;"145"
South San Gabriel Ranches Lot 3 (Resub);SOUTH SAN GABRIEL RANCHES;9509732;;L;"313"
Crystal Springs Ph 2 Sec 1;CRYSTAL SPRINGS;2019083349;;;
Rancho Sienna Sec 3;RANCHO SIENNA;2014077299;;;
Highlands At Crystal Falls Sec 2 Ph 3B;HIGHLANDS AT CRYSTAL FALLS;2011065392;;;
High Gabriel East Sec 1;HIGH GABRIEL;0;;B;254-255
Rancho Sienna Sec 1;RANCHO SIENNA;2008080360;;;
Mason Creek North Sec 1 Replat;MASON CREEK NORTH;8532763;;G;"211"
Lion Acres;LION ACRES;8415581;;F;"9"
Ridgmar Landing (Blk 2 Lot 30 Resub);RIDGMAR LANDING;8513246;;F;"373"
Ridgmar Landing (Blk 2 Lot 20 Resub);RIDGMAR LANDING;8427052;;F;"117"
North Creek Sec 1;NORTH CREEK;8521765;;G;"87"
Mason Creek Sec 3A;MASON CREEK;9754045;;P;"97"
Westview Meadows Ph 1;WESTVIEW MEADOWS;2002054671;;W;"157"
Ridgmar Landing (Blk 2 Lot 10 Replat);RIDGMAR LANDING;2007023255;;DD;"61"
Stifflemire;STIFFLEMIRE;9654813;;N;"279"
Hazlewood Ph 1A;HAZLEWOOD;2012020723;;;
Oak Ridge Sec 1;OAK RIDGE;8602683;;H;"17"
Villas At Vista Ridge;VILLAS AT VISTA RIDGE;2014024443;;;
Mason Creek Sec 4C;MASON CREEK;9913147;;Q;"345"
Reagans Overlook Ph 3;REAGANS OVERLOOK;2017090494;;;
Leander 61 Ph 2 And 3;LEANDER 61;2020166895;;;
Pecan Creek Ph 2;PECAN CREEK;2014095556;;;
Highlands At Crystal Falls Sec 2 Ph 1;HIGHLANDS AT CRYSTAL FALLS;2006103109;;CC;"276"
Ridge Oaks;RIDGE OAKS;0;;D;"223"
North Creek Sec 2;NORTH CREEK;8621290;;H;"206"
Mason Creek Sec 4B;MASON CREEK;9818919;;P;"286"
High Chaparral;HIGH CHAPARRAL;0;;B;"77"
Woods At Mason Creek 2 Sec 4;WOODS AT MASON CREEK;2004034833;;Y;"335"
Oak Ridge Sec 2;OAK RIDGE;8639757;;H;"344"
Lakeline Ranch Ph 6;LAKELINE RANCH;2006047683;;BB;"386"
Mason Creek North Sec 1 Replat Lots 27-36D 8-33E 40F;MASON CREEK NORTH;8604239;;H;"26"
North Creek Sec 3F;NORTH CREEK;2001008519;;T;"388"
Mason Creek Sec 2C;MASON CREEK;2001026366;;U;"169"
Woods At Mason Creek Sec 1;WOODS AT MASON CREEK;2002020349;;V;"308"
Benbrook Ranch Sec 1 Ph 1;BENBROOK RANCH;2002084474;;W;"295"
Greatwood Ph 2;GREATWOOD;2017026884;;;
Leander Heights Sec 3 Lots 5 And 6 Blk A (Replat);LEANDER HEIGHTS;2008027535;;EE;"247"
Westview Meadows Ph 3;WESTVIEW MEADOWS;2005085716;;AA;"383"
Leander Heights Sec 2;LEANDER HEIGHTS;0;;B;"105"
South San Gabriel Ranches;SOUTH SAN GABRIEL RANCHES;0;;B;"86"
North Creek Sec 3B;NORTH CREEK;199963390;;R;"261"
Stewart Crossing Ph 1;STEWART CROSSING;2016026419;;;
Leander Heights Sec 2 Lot 9 Blk B (Resub);LEANDER HEIGHTS;2001060248;;V;"13"
Leander 61 Ph 2 And 3;LEANDER 61;2020166895;;;
Horizon Park Sec 4;HORIZON PARK;2001016705;;U;"56"
Crystal Springs Ph 3 Sec 2;CRYSTAL SPRINGS;2020093386;;;
Hawkes Landing Ph 3;HAWKES LANDING;2019020453;;;
Horizon Park Sec 2;HORIZON PARK;2000005120;;S;"78"
Marbella Ph 1;MARBELLA;2018012839;;;
Ridgewood South Ph 1;RIDGEWOOD SOUTH;2002009937;;V;"262"
Vista Ridge Amenity Center;VISTA RIDGE;2004071331;;Z;"93"
Crystal Springs Ph 3 Sec 1;CRYSTAL SPRINGS;2020093266;;;
Mason Creek Sec 4A;MASON CREEK;9737827;;O;"358"
Hazlewood Ph 4A;HAZLEWOOD;2015051068;;;
Benbrook Ranch Sec 1 Ph 2;BENBROOK RANCH;2004035111;;Y;"345"
Woods At Mason Creek Sec 1 Lots 9 10 12-15 Block G Amd;WOODS AT MASON CREEK;2004012659;;Y;"226"
Sarita Valley Ph 3;SARITA VALLEY;2013056218;;;
High Gabriel East Sec 3;HIGH GABRIEL;0;;C;"24"
North Creek Sec 3E;NORTH CREEK;2000054204;;T;"1"
South San Gabriel Ranches Lot 3 (Resub);SOUTH SAN GABRIEL RANCHES;9509732;;L;"313"
Greener Acres;GREENER ACRES;2004097623;;;
Lively Tract Ph 2;LIVELY TRACT;2020134123;;;
Horizon Park Sec 3;HORIZON PARK;2001016708;;U;"59"
Westwood Sec 1;WESTWOOD;2000047577;;S;"360"
Lakeline Ranch Ph 3A;LAKELINE RANCH;2004095987;;Z;"279"
Benbrook Ranch Sec 2 Ph 1;BENBROOK RANCH;2006049069;;CC;"3"
Horizon Park Sec 2 Commercial;HORIZON PARK;2007002828;;CC;"342"
Vista Ridge Ph 3;VISTA RIDGE;2005017498;;AA;"48"
Highlands At Crystal Falls Sec 2 Ph 2;HIGHLANDS AT CRYSTAL FALLS;2008015203;;EE;"183"
Rancho Sienna Sec 2;RANCHO SIENNA;2008080447;;;
Highway Village;HIGHWAY VILLAGE;0;;B;"10"
Stewart Crossing Ph 2;STEWART CROSSING;2017109069;;;
Pecan Creek Ph 1;PECAN CREEK;2013083158;;;
Oak Ridge Sec 4;OAK RIDGE;90200828;;J;"324"
Deerbrooke Ph 2 Sec 2;DEERBROOKE;2019119206;;;
Hazlewood Ph 4B;HAZLEWOOD;2015053374;;;
Leander 61 Ph 1;LEANDER 61;2019099320;;;
Merritt Legacy Apartments;MERRITT LEGACY APARTMENTS;;;;
Hazlewood Ph 2A;HAZLEWOOD;2013085594;;;
Village At Leander Station Ph 1 And 3;VILLAGE AT LEANDER STATION;2017071690;;;
Greatwood Ph 4;GREATWOOD;2018060702;;;
Westwood Sec 3;WESTWOOD;2002020080;;V;"304"
Homestead Ph 2;HOMESTEAD;2020160658;;;
Mason Creek Sec 5A;MASON CREEK;9708130;;O;"112"
Woods Of Whitestone Sec 1;WOODS OF WHITESTONE;8814341;;J;"102"
Ridgewood North;RIDGEWOOD NORTH;2001067035;;V;"53"
Kittie Hill Acres;KITTIE HILL ACRES;8419185;;F;"45"
Valley Vista Ph 1;VALLEY VISTA;2018015621;;;
North Creek Sec 3C;NORTH CREEK;199932035;;R;"64"
Mason Creek Sec 5C;MASON CREEK;9737857;;O;"361"
Ridgewood South Ph 2;RIDGEWOOD SOUTH;2003002172;;X;"6"
H And M Industrial Park 2;H&M INDUSTRIAL PARK;2004057119;;Z;"49"
Mason Creek Sec 2B;MASON CREEK;2000029900;;S;"277"
Timberline West;TIMBERLINE WEST;0;;B;"247"
Horizon Park Sec 5;HORIZON PARK;2001055626;;U;"377"
Valley View;VALLEY VIEW;0;;C;"382"
Highway Village Lots 9-11 Replat;HIGHWAY VILLAGE;200586020;;AA;"385"
Leander Heights Sec 3 Lot 9 Blk B (Resub);LEANDER HEIGHTS;199940901;;R;"132"
North Creek Sec 3D;NORTH CREEK;2000003776;;S;"64"
Leander Heights Sec 3 Lots 31 And 32 Blk A (Resub);LEANDER HEIGHTS;200046618;;S;"357"
Oak Creek Ph 3;OAK CREEK;2017002706;;;
Parker Tract Ph 2;PARKER TRACT;2017106276;;;
Rancho Sienna Sec 9;RANCHO SIENNA;2014077554;;;
Leander Heights Sec 3;LEANDER HEIGHTS;0;;B;"130"
Rancho Sienna Sec 8;RANCHO SIENNA;2014099344;;;
Leander Heights Sec 2 Lots 23 And 24 Blk A (Replat);LEANDER HEIGHTS;9835623;;Q;"4"
Leander Heights Sec 1 Lot 5 Blk F (Replat);LEANDER HEIGHTS;9618753;;M;"366"
Wiley Creek Estates Ph 2;WILEY CREEK ESTATES;9132512;;K;"23"
Valley Vista Ph 2;VALLEY VISTA;2019062800;;;
Leander Heights Sec 1 Lot 10 Blk F (Resub);LEANDER HEIGHTS;2004049909;;Z;"22"
"Horizon Park Sec 1 Blocks A, B, R, And T (Amd)";HORIZON PARK;2000018484;;S;"183"
Stehling;STEHLING;2000082499;;T;"255"
Waldarra Estates;WALDARRA ESTATES;9703833;;O;"87"
Mason Creek Sec 1;MASON CREEK;8534538;;G;"241"
Leander Heights Sec 2 Lot 1 Blk B (Resub);LEANDER HEIGHTS;9922079;;R;"23"
H And M Industrial Park;H&M INDUSTRIAL PARK;2002096641;;;
Westwood Sec 4;WESTWOOD;2001059859;;V;"3"
Highlands At Crystal Falls Sec 1 Ph 1;HIGHLANDS AT CRYSTAL FALLS;0;;CC;"224"
Mason Creek Sec 5D;MASON CREEK;9737878;;O;"363"
Walkers Addition To The Original Town Of Leander;WALKERS ADDITION;;190800010G;A;"10"
Leander Heights Sec 1 Lots 17 - 20 Blk A Resub (Corrected Plat);LEANDER HEIGHTS;9645123;;N;"222"
Leander Heights Sec 1 Lots 1-3 Blk F (Resub);LEANDER HEIGHTS;8645276;;I;"6"
Leander Heights Sec 1 Lot 42 Blk B (Amd);LEANDER HEIGHTS;9660521;;N;"351"
High Gabriel West Sec 1;HIGH GABRIEL;0;;B;"184"
Oak Ridge Sec 3B;OAK RIDGE;9855369;;Q;"121"
Rancho Sienna Sec 5B;RANCHO SIENNA;2014033318;;;
Highmeadow Estates Ph 1;HIGHMEADOW ESTATES;9339247;;K;"297"
Lakeline Apartments;LAKELINE APARTMENTS;2003066958;;X;"333"
Wiley Creek Estates Ph 1;WILEY CREEK ESTATES;8914662;;J;"238"
Leander 61 Ph 4;LEANDER 61;2021069400;;;
"Wiley Creek Estates Ph 1, Lot 1 Replat";WILEY CREEK ESTATES;2010054980;;GG;"271"
Greatwood Ph 3;GREATWOOD;2017027462;;;
Vista Ridge Ph 4;VISTA RIDGE;2007076626;;DD;"308"
Leander Library Homestead;LEANDER PUBLIC LIBRARY;2006048667;;BB;"390"
Mason Ranch Ph 2 Sec 4 Amd;MASON RANCH;2018090220;;;
Timberline West;TIMBERLINE WEST;0;;B;"247"
South San Gabriel Ranches Replat Lot 37;SOUTH SAN GABRIEL RANCHES;2007024602;;DD;"68"
Hazlewood Ph 2B;HAZLEWOOD;2013085684;;;
Liberty Heights;LIBERTY HEIGHTS;2020092083;;;
Rancho Sienna Sec 5A;RANCHO SIENNA;2013060667;;;
Mansolo;MANSOLO;2006066087;;CC;"85"
Pecan Creek Ph 3;PECAN CREEK;2015036979;;;
Mason Creek Sec 1 Lots 8 And 9 Block M Amd;MASON CREEK;2001018463;;U;"89"
Hernados Hideaway;HERNADOS HIDEAWAY;0;;B;"69"
Lakeline Ranch Ph 3B;LAKELINE RANCH;2006047528;;BB;"384"
Stillmeadow;STILLMEADOW;8403663;;E;"360"
Leander Heights Sec 1 Lot 22 Blk A (Resub);LEANDER HEIGHTS;8936020;;J;"279"
Oak Ridge Sec 3A;OAK RIDGE;9839442;;Q;"14"
Valley View Resub Lots 13 And 14;VALLEY VIEW;2000011845;;S;"142"
Westwood Sec 2;WESTWOOD;2001018438;;U;"85"
Crystal Springs Ph 2 Sec 2;CRYSTAL SPRINGS;2019083397;;;
Woods At Crystal Falls Sec 1;WOODS AT CRYSTAL FALLS;2004012659;;Y;"226"
Westview Meadows Ph 2;WESTVIEW MEADOWS;2004016725;;Y;"242"
High Gabriel East Sec 2;HIGH GABRIEL;0;;B;"296"
Vista Ridge Commercial Including The Replat Of Lot 1 Shin Oak Estates Sec 1;VISTA RIDGE;2007036063;;DD;"91"
Westwood Sec 5;WESTWOOD;2002045516;;W;"66"
North Creek Sec 3A;NORTH CREEK;9907820;;"0";"323"
Hazlewood Ph 3;HAZLEWOOD;2014078009;;;
Leander Heights Sec 3 Lot 26 Blk A (Resub);LEANDER HEIGHTS;9708174;;"0";"114"
Orchard Drive Mobile Home Community Condominiums;ORCHARD DRIVE;199958856;;;
Old Town Village Sec 2B;OLD TOWN VILLAGE;2001091528;;V;"181"
Highlands At Crystal Falls Sec 1 Ph 4;HIGHLANDS AT CRYSTAL FALLS;2017101111;;;
Old Town Village Sec 2A;OLD TOWN VILLAGE;2001091345;;V;"178"
Whilden Addition;WHILDEN ADDITION;2007022277;;DD;"54"
Reagans Overlook Ph 1;REAGANS OVERLOOK;2014018679;;;
Old Town Village Sec 3;OLD TOWN VILLAGE;2004012830;;Y;"228"
Leander Heights Sec 1 Lots 1 - 3 Block B (Amd);LEANDER HEIGHTS;2008030879;;EE;"257"
Mason Creek Sec 5B;MASON CREEK;2000029901;;S;"279"
Leander Heights Sec 2 Lot 24 Blk B (Resub);LEANDER HEIGHTS;2002029028;;V;"356"
Lakeline Ranch Ph 2;LAKELINE RANCH;2004073314;;Z;"111"
Marbella Ph 2;MARBELLA;2019104144;;;
Leander Heights Sec 1;LEANDER HEIGHTS;0;;B;"102"
Highway Village Unit 2;HIGHWAY VILLAGE;0;;B;"41"
Hawkes Landing Ph 2;HAWKES LANDING;2018037659;;;
Integrated Metal Products;INTEGRATED METAL PRODUCTS;2004073315;;Z;"114"
Mason Creek Sec 2A;MASON CREEK;99702215;;O;"64"
Hawkes Landing Ph 1;HAWKES LANDING;2014070363;;;
Vista Ridge Ph 1;VISTA RIDGE;2002006911;;V;"241"
Highlands At Crystal Falls Commercial Corners;HIGHLANDS AT CRYSTAL FALLS;2008062341;;FF;"15"
Homestead Ph 1;HOMESTEAD;2020028331;;;
High Gabriel West Sec 2;HIGH GABRIEL;0;;B;"242"
Westwood Sec 5 Lots 68-69 Block K Amd;WESTWOOD;2006049061;;CC;"1"
Pleasant Hill Estates;PLEASANT HILL ESTATES;0;;D;"99"
Sarita Valley Ph 2A;SARITA VALLEY;2012095699;;;
Mason Creek Sec 3B;MASON CREEK;9754050;;P;"99"
Overlook Estates Sec 2 Lot 10A Block A (Amd);OVERLOOK ESTATES;2006110878;;CC;"312"
Whitt;WHITT;8520581;;G;"66"
Horizon Lake Ph 1 Sec 1;HORIZON LAKE;2021100628;;;
Reagans Overlook Ph 2;REAGANS OVERLOOK;2014080279;;;
Leander Heights Sec 3 Lots 38 And 39 Blk B (Resub);LEANDER HEIGHTS;9821514;;P;"305"
Pag Leander H1 Ph 1;PAG LEANDER;2020085884;;;
Connies Commercial;CONNIES COMMERCIAL;2000042266;;S;"321"
Leander Heights Sec 2 Hancock Addition Lot 1 Block B (Resub);LEANDER HEIGHTS;0;;E;"219"
Old Town Village Sec 2C;OLD TOWN VILLAGE;2001091677;;V;"183"
"Leander 2243 Subdivision Lots 1A, 1B, 1C Blk A And Lots 2A And 3A Blk A";HERMOSA VILLAGE;2021051838;;S;"2"
Sarita Valley Ph 4;SARITA VALLEY;2014082976;;;
High Chaparral Lot 6 & 7 Amd;HIGH CHAPARRAL;2019006405;;;
Lakeline Northwest Commercial;LAKELINE NORTHWEST COMMERCIAL;2013077737;;;
Leander Heights Sec 3 Lots 3 & 4 Blk A (Replat);LEANDER HEIGHTS;2010023269;;;194-195
Leander 2243 Lot 1-3 Blk A Amd;SENIOR VILLAGE AT LEANDER STATION;0;;;"184"
Sarita Valley Ph 1 Amd;SARITA VALLEY;201200872;;;
Mid-Town Square Sub Replat;MID-TOWN SQUARE;2016107536;;;
The Village (Replat);VILLAGE TOWNHOME ADDITION;2017044638;;;"138"
Overlook Estates Sec 2 Lot 16 Block A (Amd);OVERLOOK ESTATES;2012042289;;;
Heritage Grove Commercial;HERITAGE GROVE COMMERCIAL;2018106375;;;
Reagans Overlook Ph 1 (Blk B Lots 36 & 37 Amd);REAGANS OVERLOOK;2019090398;;;
Palmera Ridge Condos;PALMERA RIDGE CONDOS;2020025364;;;
Leander Heights Sec 3 Blk A Lots 15A & 16 (Amd);LEANDER HEIGHTS;2017035027;;;
Leander Heights Sec 1 (Blk C Lts 19-20 Amd);LEANDER HEIGHTS;2009094106;;;"127"
"Leander Heights Sec 2 Lot 6-a and 6-b Block ""A"" replat of Lot 6 Block A Amd";LEANDER HEIGHTS;2018027549;;;
Integrated Metal Products (Blk A Lt 1A Replat);INTEGRATED METAL PRODUCTS;2016051639;;;114-115
High Gabriel Wes Sec 2 T Lots 18 & 19 (Amd);HIGH GABRIEL;2014050368;;;
Mason Ranch Ph 3 Sec 1;MASON RANCH;201805639;;;
Lively Tract Ph 1 Sec 2 Replat;LIVELY TRACT;2018055344;;;
Ronald Reagan Blvd Church Add;RONALD REAGAN BLVD CHURCH ADD;2018020827;;;
High Chaparral Lot 18 & 19 Blk 3 Amd;HIGH CHAPARRAL;2017099965;;;
Walker Business Park;WALKER BUSINESS PARK;2009091602;;;116-117
South San Gabriel Ranches (Lot 11 Replat);SOUTH SAN GABRIEL RANCHES;0;;;
Kittie Hill Acres Tract 7 Amd;KITTIE HILL ACRES;2020074275;;;
South San Gabriel Ranches (Lot 17 Amd);SOUTH SAN GABRIEL RANCHES;2017022763;;;
Oak Creek Ph 1 Sec 1;OAK CREEK;2015085673;;;
Live Oak Ranch Lot 11 Block D Replat;LIVE OAK RANCH;0;;;"188"
"Stewart Crossing Ph 1 (Blk F Lots 8, 9, 10 Amd)";STEWART CROSSING;2017039423;;;
Magnolia Creek Sec 5;MAGNOLIA CREEK;2013112806;;;
Leander Crossing Ph 2;LEANDER CROSSING;2018012079;;;
St Davids Leander;ST DAVIDS LEANDER;2017024983;;;
NWC Falls At 183A;NWC CRYSTAL FALLS;2013095648;;;
W South Townhomes Sub Amd;WEST SOUTH TOWNHOMES;2019099058;;;
Kittie Hill Acres Tract 6A & 6B Replat;KITTIE HILL ACRES;2015029916;;;
Leander Junction;LEANDER JUNCTION;2018083690;;;
W South Townhomes Sub;SOUTH STREET DUPLEXES;2016110879;;;
Journey Bible Fellowship Sub;JOURNEY BIBLE FELLOWSHIP;2017034117;;;
Northside Meadow Ph 1A Blk N Lot 1 Replat;NORTHSIDE MEADOW;2017051787;;;
"Timberline West Sec 1 (Lts 65, 66 & 67 Amd)";TIMBERLINE WEST;2010056933;;;"278"
Leander Heights Sec 2 (Blk B Lots 21 & 22);LEANDER HEIGHTS;2017096574;;;
Haven Oaks;HAVEN OAKS;2020080893;;;
High Gabriel West (Lts 51-55 Amd);HIGH GABRIEL;2019079795;;;
Lively Tract Ph 1 Sec 2 (Blk Rr Lots 1 & 2 Amd);LIVELY TRACT;2021066478;;;
Tylerville Commercial Blk A Lot 2 Replat;TYLERVILLE COMMERCIAL;2019055373;;;
Kittie Hill Acres Tract 13 Replat;KITTIE HILL ACRES;2016014191;;;"45"
LISD Benbrook Ranch;LISD BENBROOK RANCH;2015075203;;;
"Highway Village Lots 3, 4, 5 & 6 Amd";HIGHWAY VILLAGE;2008060271;;;"7"
Mason Ranch Ph 1 Sec 10;MASON RANCH;2018070223;;;
Rancho Sienna Sec 14 Ph 2;RANCHO SIENNA;0;;;
Mason Ranch Ph 1 Sec 9;MASON RANCH;2018070043;;;
Leander Public Library;LEANDER PUBLIC LIBRARY;2013052028;;;
Village At Leander Station Ph 1 Lot 10 Blk G Amd;VILLAGE AT LEANDER STATION;2019127078;;;
Leander Crossroads;LEANDER CROSSROADS;2020151205;;;
Greener Acres Lot 1 Replat;GREENER ACRES;2013037400;;;
Trailside Oaks;TRAILSIDE OAKS TOWNHOUSES;2018014545;;;
Rancho Sienna Sec 14 Ph 1;RANCHO SIENNA;0;;;
Ridgmar Landing (Blk 2 Lot 12A & 12B  Replat);RIDGMAR LANDING;2015108308;;;67-68
Knight Commercial;KNIGHT COMMERCIAL;2019021315;;;
Veda Leander Sub;VEDA LEANDER;2017044197;;;
Westwood Commercial;WESTWOOD COMMERCIAL;2015005569;;;
Jardin Del Rey Sub;JARDIN DEL REY;2013058274;;;"102"
Parker Tract Ph 1;PARKER TRACT;2016111565;;;
Leander Veterinary Clinic;LEANDER VETERINARY CLINIC;2017044562;;;
Deerbrooke Ph 1 Sec 1 (Blk E Lots 36-40 Amd);DEERBROOKE;2019070417;;;
Leander Heights Sec 1 (Blk C Lts 21 & 22 Amd);LEANDER HEIGHTS;2018105147;;;
Ridgmar Landing (Blk 2 Lot 21A & 21B Replat);RIDGMAR LANDING;2018084314;;;67-68
LISD Camacho Elementary School;LISD CAMACHO;2015072679;;;
Horizon Park Sec 1 Lot 2 Block A Replat;HORIZON PARK;2012104385;;;
Rancho Sienna Sec 4 Ph 1;RANCHO SIENNA;0;;;
Trails At Leander;TRAILS AT LEANDER;201604532;;;
Parkway Crossing Lot 1 Blk A ;PARK AT CRYSTAL FALLS;2015065690;;;
"Leander Heights Sec 2 (BLK A LTS 6A & 6B REPLAT), BLOCK A, Lot 6-A1";LEANDER HEIGHTS;2011084665;;;
Ridgmar Landing (Blk 2 Lot 27A & 27B);RIDGMAR LANDING;2018031061;;;"27"
North Creek Commercial Park (Second Replat);NORTH CREEK APARMENTS (THE CONLEY) (SD);2015044340;;;
Holloway Addition;HOLLOWAY ADDITION;2017028262;;;
Valley Vista East Ph 1 (Condo);VALLEY VISTA EAST CONDO;2018095091;;;
Leander Heights Sec 3 Lots 29 & 30 Blk B Amd (Starlight Village Condo);STARLIGHT VILLAGE;2015109092;;;"130"
Les Industrial Park;LES INDUSTRIAL PARK;2012054128;;;
Trailside Oaks (Blk F Lots 3 & 4 Amd);TRAILSIDE OAKS APARTMENTS;20200023926;;;
Hill Country Bible Church Leander Amended;HILL COUNTRY BIBLE CHURCH LEANDER AMENDED;2021008203;;;
Oak Creek Ph 2 Sec 2;OAK CREEK;2015094763;;;
Highlands At Crystal Falls Sec 2 Ph 3A;HIGHLANDS AT CRYSTAL FALLS;2010058065;;;282-283
"Nwc Crystal Falls At 183A (Lts 2, 3, 4 & 5 Amd)";NWC CRYSTAL FALLS;2016055788;;;
Horizon Park Sec 1 Lot 2 Block A Replat;HORIZON PARK;2012104385;;;
Timberline West Sec 1 (Lts 11 & 12 Replat);TIMBERLINE WEST;0;;;"153"
Leander Heights Sec 2 Lots 26 & 27 (Amd);BLAKE'S BEND PH 1;2020047860;;;
Leander Heights Sec 1 Blk A Lt 23;LEANDER HEIGHTS;2021058409;;;"102"
Mason Ranch Ph 2 Sec 1;MASON RANCH;2014003615;;;
Benbrook Ranch Sec 2 Ph 2A;BENBROOK RANCH;2017017736;;;
Villas At Vista Ridge (Blk B Lots 6-8 Amd);VISTA RIDGE;2015099110;;;
Libbyland Lot 1 Block A Replat;LIBBYLAND;2009189312;;;"89"
Hero Way Multifamily;VILLAGE AT LEANDER STATION-HERO WAY (THE STANDARD);2015015167;;;
Magnolia Creek Sec 2 Amd;MAGNOLIA CREEK;2015091039;;;
Stewart Crossing Ph 1 (Blk F Lots 6 & 7 Amd);STEWART CROSSING;2017066121;;;
Wrench Ranch ;WRENCH RANCH ;2009015585;;;305-306
Live Oak Ranch Lot 14 Block B Replat;LIVE OAK RANCH;2018086801;;;
South San Gabriel Ranches (Lot 11B Replat);SOUTH SAN GABRIEL RANCHES;2016032446;;;
Sarita Valley Ph 7 (Sarita Valley Condos);SARITA VALLEY CONDOS;2018009254;;;
Leander Boardwalk;LEANDER BOARDWALK;2017105584;;;
Parkway Crossing Lot 2 Blk A (Phase 2);PARK AT CRYSTAL FALLS PH 2;2017006178;;;
Mason Ranch Ph 2 Sec 2A;MASON RANCH;2015106610;;;
Savanna Ranch Sec 1;SAVANNA RANCH;2012104226;;;
Mason Ranch Ph 1 Sec 1;MASON RANCH;2013098962;;;
Lively Tract Ph 1 Sec 5;LIVELY TRACT;2018002494;;;
Mason Ranch Ph 1 Sec 7 & 8;MASON RANCH;2017052271;;;
Lively Ph 1 Sec 10;LIVELY TRACT;2019043827;;;
Oak Creek Ph 4 Sec 1;OAK CREEK;2016110954;;;
Palmera Ridge Sec 7;PALMERA RIDGE;2020043124;;;
Oak Creek Ph 2 Sec 1;OAK CREEK;2015086502;;;
Northside Meadow Ph 1A;NORTHSIDE MEADOW;2014025255;;;
LISD Burleson Subdivision;LISD BURLESON;2010067077;;;
Palmera Ridge Sec 1;PALMERA RIDGE;2015063636;;;
Palmera Ridge Sec 9;PALMERA RIDGE;2019044491;;;
Lively Tract Ph 1 Sec 8;LIVELY TRACT;2019043476;;;
"Savanna Ranch, Sec 4, Lot 14, Blk A";SAVANNA RANCH;2014005295;;;
Mason Ranch Ph 1 Sec 6;MASON RANCH;2017052171;;;
Greatwood Ph 1 Sec 1;GREATWOOD;2015010751;;;
Savanna Ranch Sec 2;SAVANNA RANCH;2014050918;;;
Palmera Ridge Sec 11;PALMERA RIDGE;2020096061;;;
Magnolia Creek Sec 3;MAGNOLIA CREEK;2015009320;;;
Lively Tract Ph 1 Sec 6;LIVELY TRACT;2018002810;;;
Mason Ranch Ph 1 Sec 4;MASON RANCH;2016032864;;;
Northside Meadow Ph 1B;NORTHSIDE MEADOW;2013112648;;;
Vista Ridge Ph 2B;VISTA RIDGE;2014002031;;;
Oak Creek Ph 2 Sec 3;OAK CREEK;2015101414;;;
Northside Meadow Ph 3;NORTHSIDE MEADOW;2015054994;;;
High Chaparral Lot 1A Blk 3 Amd;HIGH CHAPARRAL;2021009283;;;
Mason Ranch Ph 1 Sec 3;MASON RANCH;2016009419;;;
Vista Ridge Ph 2A;VISTA RIDGE;2013005182;;;
Palmera Ridge Sec 3;PALMERA RIDGE;2016050506;;;
Vista Ridge Ph 2C;VISTA RIDGE;2014071374;;;
Lively Tract Ph 1 Sec 9;LIVELY TRACT;2019043791;;;
Palmera Ridge Sec 10;PALMERA RIDGE;2020025364;;;
Mason Ranch Ph 1 Sec 2;MASON RANCH;2015052926;;;
Oak Creek Ph 1 Sec 2;OAK CREEK;2015086156;;;
Northside Meadow Ph 4;NORTHSIDE MEADOW;2014097454;;;
Palmera Ridge Sec 5;PALMERA RIDGE;2019014573;;;
Woods At Mason Creek 2 Sec 4 Lots 8 -12 Amd;WOODS AT MASON CREEK;2006073540;;;"131"
Mason Ranch Ph 1 Sec 5;MASON RANCH;2016096451;;;
Lively Tract Ph 1 Sec 4;LIVELY TRACT;2018001936;;;
Palmera Ridge Sec 2;PALMERA RIDGE;2015101760;;;
Savanna Ranch Sec 3;SAVANNA RANCH;9014100751;;;
Mason Ranch Ph 2 Sec 2B;MASON RANCH;2015106804;;;
Lively Tract Ph 1 Sec 7;LIVELY TRACT;2019042651;;;
High Chaparral Lot 1A Blk 3 Amd;HIGH CHAPARRAL;2021009283;;;
Savanna Ranch Sec 4;SAVANNA RANCH;2016025900;;;
Oak Creek Ph 4 Sec 2;OAK CREEK;2016111062;;;
Lively Tract Ph 1 Sec 3;LIVELY TRACT;2018001571;;;
Northside Meadow Ph 2;NORTHSIDE MEADOW;2014097500;;;
Mason Ranch Ph 2 Sec 3;MASON RANCH;2017097070;;;
Lively Ph 1 Sec 1;LIVELY TRACT;2018000863;;;
Leander 2243 Lot 1-9 Block A Replat;LEANDER 2243;2005099543;;;"90"
Via De Sienna Blvd Ph 3;VIA DE SIENNA BLVD ;2020004219;;;
Adjacent - Copper Ridge (Lot 1 Replat);COPPER RIDGE ;2015014290;;;
Leander Heights Sec 3 (Blk A Lts 2&3&4 Pts Resub);LEANDER HEIGHTS;2017032027;;;
Highland Falls Office Condos;HIGHLAND FALLS OFFICE CONDOS;;;;
The Ridge At Cross Creek Ph 3;RIDGE AT CROSS CREEK;2018093166;;;
Timberline West Sec 2 (Lts 13 & 14 Replat);TIMBERLINE WEST;8641863;;H;"353"
The Ridge At Cross Creek Ph 4;RIDGE AT CROSS CREEK;0;;;
Rancho Sienna Sec 12B;RANCHO SIENNA;0;;;
Old Bagdad Estates;OLD BAGDAD ESTATES;0;;;
The Ridge At Cross Creek Ph 1;RIDGE AT CROSS CREEK;0;;;
Ranch Sienna Sec 4 Ph 2;RANCHO SIENNA;0;;;
Rancho Sienna Sec 12A Ph 2;RANCHO SIENNA;0;;;
Townhomes At Leander Heights;TOWNHOMES AT LEANDER HEIGHTS;0;;;
Rancho Sienna Sec 15;RANCHO SIENNA;0;;;
Northpoint ;NORTHPOINT;0;;;
Rancho Sienna Sec 13A & 13B;RANCHO SIENNA;0;;;
Rancho Sienna Sec 19A;RANCHO SIENNA;0;;;
Rancho Sienna Sec 18A;RANCHO SIENNA;0;;;
Timberline West (Lts 47-49 Resub);TIMBERLINE WEST;9313051;;;
Thomas Sub;THOMAS SUB;0;;;
The Ridge At Cross Creek Ph 4 Blk D Lts 9 & 10 Amd;RIDGE AT CROSS CREEK;0;;;
Rancho Sienna Sec 11 Ph 3;RANCHO SIENNA;0;;;
Rancho Sienna School Site;RANCHO SIENNA SCHOOL SITE;0;;;
Green Park;GREEN PARK;8613146;;;
Oaks On Crystal Falls Condo;OAKS ON CRYSTAL FALLS CONDO;0;;;
Rancho Sienna Sec 18B;RANCHO SIENNA;0;;;
The Ridge At Cross Creek Ph 2;RIDGE AT CROSS CREEK;0;;;
Adjacent - Summerlyn South Sec 5;SUMMERLYN SOUTH;0;;;
Live Oak Ranch Sec 2;LIVE OAK RANCH;0;;;
Rancho Sienna Sec 16;RANCHO SIENNA;0;;;
Leander;LEANDER;0;;;
Rancho Sienna Sec 19B;RANCHO SIENNA;0;;;
Rancho Sienna Sec 11 Ph 1;RANCHO SIENNA;0;;;
Leander Office Condo (Dexter Office Condos);Dexter Office Condos;0;;;
Rancho Sienna Sec 15 (Blk P Lt 30 Amd);RANCHO SIENNA;0;;;
Rancho Sienna Sec 17;RANCHO SIENNA;0;;;
Hamilton Sub;HAMILTON SUB;0;;;
Rancho Sienna Sec 19 Condo;RANCHO SIENNA CONDO;0;;;
Rancho Sienna Sec 7 Blk F Lt 42;RANCHO SIENNA;0;;;
Rancho Sienna Sec 12A;RANCHO SIENNA;2013081958;;;
Adjacent - Highland Terrace Ph 1;HIGHLAND TERRACE;2016103110;;;
Rancho Sienna Sec 11 Ph 2 & Amd Lot 57 Sec 11 Ph 1;RANCHO SIENNA;2017085493;;;
Resub Of Lot 59;APPLE SPRINGS;;;;
South Cherry Hollow Estates Revised Plat Of Lots 153 & 154;SOUTH CHERRY HOLLOW ESTATES;;;;
Revised Lt 19-2 Leander Hills;LEANDER HILLS;;;;
Adjacent - Resub Of Lot 8 North Rim Subd  Sec  2;NORTH RIM;;;;
Round Mountain Oaks Rev Of A Port Of Lt 44;ROUNDMOUNTAIN OAKS;;"200700139";;
Leander Hills Sec 2;LEANDER HILLS;;;;
Revised Plat Of Lot 1-B-1;LEANDER HILLS;;;;
Resub Of Lot 28 Roundmountain Oaks;ROUNDMOUNTAIN OAKS;;;;
Resub Of Lots 32 & 33;SANDY CREEK RANCHES ;;;;
Revised Plat Of Lot 63 Apple Springs;APPLE SPRINGS;;"200800037";;
Reale ;REALE;;"200800181";;
"Cherry Hollow Estates Sec 4 Resub Of Lots 127-129, 137-138&111";CHERRY HOLLOW ESTATES;;;;
Cherry Hollow Estates Sec 4 Resub Of Lot 111;CHERRY HOLLOW ESTATES;;;;
Sanford Subd;SANFORD SUBD;;;;
Cherry Hollow Estates Sec 2 Resub Of Lots 44-47;CHERRY HOLLOW ESTATES;;;;
Cherry Hollow Estates Sec 2;CHERRY HOLLOW ESTATES;;;;
Cherry Hollow Estates Sec 2 Resub Lots 92-99;CHERRY HOLLOW ESTATES;;;;
Honeycomb Hollow;HONEYCOMB HOLLOW;;;;
Cherry Hollow Estates Sec 4 Resub;CHERRY HOLLOW ESTATES;;;;
Jesses Acres;JESSES ACRES;;;;
Cherry Hollow Estates Sec 4 Resub Of Lot 121;CHERRY HOLLOW ESTATES;;;;
Cherry Hollow Estates Sec 4;CHERRY HOLLOW ESTATES;;;;
Roundmountain Oaks;ROUNDMOUNTAIN OAKS;;;;
Adjacent - Climate Estate;SOUTHERN CLIMATE ESTATE;;;;
Leander Hills;LEANDER HILLS;;;;
Pecan Hollow Ranches;PECAN HOLLOW RANCHES;;;;
South Cherry Hollow Estates;SOUTH CHERRY HOLLOW ESTATES;;;;
Replat Lot 66 Blk K;GRAND MESA AT CRYSTAL FALLS;;"201300160";;
Great Oaks Estates;GREAT OAKS ESTATES;;;;
Great Oaks Estates Amd Plat  Of  Lots 22-25 & 27;GREAT OAKS ESTATES;;201300087TR;;
Dodd'S Subd;DODD'S SUBD;;;;
The Bluffs At Crystal Falls Sec 1 Ph 1B Lots 22 & 23 Blk G Amd;BLUFFS AT CRYSTAL FALLS;201100133;201100133TR;;
Revised Plat Of Park Of Lot 31 Roundmountain Oaks Subd;ROUNDMOUNTAIN OAKS;;201200200TR;;
Nameless Knoll;NAMELESS KNOLL;;;;
Jackson Addn;JACKSON ADDN;;201400062TR;;
White Rim Mountain Sec 2;WHITE RIM MOUNTAIN;;;;
Palomino Ranch Subd;PALOMINO RANCH SUBD;;"201000002";;
Lot 32A Blk E Grand Mesa At Crystal Falls Amd Lots 31-32 Blk E;GRAND MESA AT CRYSTAL FALLS;;"201400193";;
Trovatos Paradise;TROVATOS PARADISE;;;;
Replat;GRAND MESA AT CRYSTAL FALLS;;;;
Shady Mountain;SHADY MOUNTAIN;;;;
Roundmountain Oaks;ROUNDMOUNTAIN OAKS;;;;
Resub;PANORAMIC HILLS;;;;
Panoramic Hills;PANORAMIC HILLS;;;;
Lot 41A Honeycomb Hills Resub Of A Portion Of;HONEYCOMB HILLS;;;;
K C Acres;K C ACRES;;;;
Adjacent - Indian Springs;INDIAN SPRINGS;;;;
Wild Rock Residential Condos;WILD ROCK RESIDENTIAL CONDOS;;"2017161173";;
Fairways At Crystal Falls Sec 2 Ph 4 (Amd);FAIRWAYS AT CRYSTAL FALLS;201800179;"2018063698";;
"Lot 40-A Blk C Grand Mesa At Crystal Falls Lots 40,42&43 Amended";GRAND MESA AT CRYSTAL FALLS;;;;
Ridgetop Acres;RIDGETOP ACRES;;;;
Adjacent - BCRUA;BCRUA ;;201000091TR;;
Honeycomb Hills;HONEYCOMB HILLS;;;;
Resub Crystal Mesa Cove;CRYSTAL MESA COVE;;"201900254";;
Revised Plt Of Lt 47 Roundmountain Oaks;ROUNDMOUNTAIN OAKS;;"202000162";;
Roundmountain Oaks;ROUNDMOUNTAIN OAKS;;;;
Roundmountain Oaks;ROUNDMOUNTAIN OAKS;;;;
Springcreek Ranch;SPRING CREEK RANCH;;;;
Mesa Vista Estates Sec 1;MESA VISTA ESTATES;199958215;;R;"235"
Crystal Falls Town Center Phase 2;COTTAGES AT CRYSTAL FALLS CONDOMINIUMS;201500119;"2015049898";;
Crystal Falls Town Center Phase 3;CRYSTAL FALLS TOWNHOMES;2016036613;"201600111";;
Homestead Ph 3;HOMESTEAD;2021167427;;;
Marbella Ph 3 & 4;MARBELLA;2021141108;;;
Whitt Ranch;WHITT RANCH;2017103645;;;
Horizon Lake Ph 2 Sec 1;HORIZON LAKE;2021188770;;;
Valley Vista Center;VALLEY VISTA CENTER;2022127958;;;
"Heritage Glen, Sec 1 Amd";HERITAGE GLEN;2012059320;;;
LISD;LISD;;;;
LISD;LISD;;;;
LISD;LISD;;;;
LISD;LISD;;;;
LISD;LISD;;;;
LISD;LISD;;;;
Beasley;BEASLEY ;2021151186;;;
Crystal Falls Village (Needs Plat Document);CRYSTAL FALLS VILLAGE;;;;
Leander 2243 Lot 1-3 Blk A Amd;MERRITT SKY;0;;;"184"
North Creek Commercial Park  Replat);NORTH CREEK;2015008068;;;
Benbrook Ranch Sec 2 Ph 2B;EMERSON AT BENBROOK;2017054266;;;
Benbrook Ranch Sec 2 Ph 2B;BENBROOK RANCH;2017054266;;;
Planned Palmera Bluff Condos;PALMERA BLUFF CONDOS;;;;
Planned  Hawkes Landing North Townhouses;HAWKES LANDING NORTH TOWNHOUSES;;;;
Planned  Travisso Apartments;TRAVISSO APARTMENTS;;;;
Lion Drive Duplexes;LION DRIVE DUPLEXES;0;;B;"105"
Planned  Bar W Ranch West (Wedemeyer - Mf);BAR W RANCH WEST WEDEMEYER - MF;;;;
Leander Heights Sec 2 Lots 26 & 27 (Amd);BLAKE'S BEND PH 2;2020047860;;;
Sarita Valley Ph 7 (Sarita Valley Condos);SARITA VALLEY CONDOS;2018009254;;;
Blockhouse Townhouses (Lenox Hill);BLOCKHOUSE TOWNHOUSES AKA LENOX HILL;;;;
Leander Heights Sec 2;CASTELLA COURT CONDOS;0;;B;"105"
Crystal Village (Aka Global Village);GLOBAL VILLAGE;;;;
Leander Heights Sec 3;HAZELWOOD VILLAGE;0;;B;"130"
Hero Way Townhouses;HERO WAY TOWNHOUSES;;;;
Monarch Ph 1;MONARCH;2022079604;;;
Urbana Hero Way;URBANA;2023001016;;;
Valley Vista East Phase 2;VALLEY VISTA EAST CONDOS PH 2;2022056023;;;
Villa Bonita Condos;VILLA BONITA CONDOS;0;;B;"77"
Crystal Falls Town Center Sec 1;CRYSTAL FALLS TOWN CENTER;201200199;"2012088697";;
Devine Lake Ph 2;DEVINE LAKE;2021167938;;;
Lost Woods Preserve Ph 3;LOST WOODS PRESERVE;2022044405;;;
Devine Lake Ph 3;DEVINE LAKE;2021174525;;;
Horizon Lake Ph 1 Sec 4;HORIZON LAKE;2021101465;;;
Lost Woods Preserve Ph 2;LOST WOODS PRESERVE;2021015635;;;
Rosenbusch Ranch Ph 1;ROSENBUSCH RANCH;2021092314;;;
Lost Woods Preserve Ph 1;LOST WOODS PRESERVE;2020017552;;;
"Bar W Ranch West Ph 1, Sec 2";BAR W RANCH WEST;2021013575;;;
Horizon Lake Ph 1 Sec 2;HORIZON LAKE;2021033088;;;
"Bar W Ranch West Ph 1, Sec 1";BAR W RANCH WEST;2020078741;;;
Devine Lake Ph 1;DEVINE LAKE;2020086499;<Null>;;<Null>
Bryson Ph 1 Sec 1A (Blk L Lots 17-34 Amd);BRYSON;2016025843;;;
Bryson Ph 3 Sec 4;BRYSON;2018002582;;;
Bryson Ph 1 Sec 1H;BRYSON;2017013968;;;
Bryson Ph 10 Sec 2;BRYSON;2020036070;;;
Bryson Ph 4 Sec 1;BRYSON;2018077475;;;
Bryson Ph 3 Sec 3;BRYSON;2020038302;;;
Bryson Ph 10 Sec 1;BRYSON;2018111508;;;
Bryson Ph 2 Sec 3;BRYSON;2021014370;;;
Bryson Ph 1 Sec 1A;BRYSON;2015036533;;;
Bryson Ph 1 Sec 1B;BRYSON;2015101510;;;
Bryson Ph 2 Sec 2;BRYSON;2019094753;;;
Bryson Ph 1 Sec 1D;BRYSON;2016084652;;;
Bryson Ph 2 Sec 1;BRYSON;2017105839;;;
Travisso Ph 5 Sec 1;TRAVISSO;202100097;;;
Bluffview Ph 3;BLUFFVIEW;2022097274;;;
Bryson Ph 14;BRYSON;2022090726;;;
"Bryson Ph 8, 9 & 12";BRYSON;2022070144;;;
Bryson Ph 11;BRYSON;2021181557;;;
Bar W Ranch West Ph 5;BAR W RANCH WEST;2022042247;;;
Bar W Ranch West Ph 6;BAR W RANCH WEST;2022068683;;;
"The Fairways at Crystal Falls Sec 4, Ph 2B";FAIRWAYS AT CRYSTAL FALLS;202100246;;;
Cherry Hollow Estates Sec 4 Ph C;CHERRY HOLLOW ESTATES;;C8-TC-11886;;
The Bluffs Of Sandy Creek Sec 1-A;BLUFFS AT SANDY CREEK;;;;
Sandy Creek Ranches Ph 5 Resub Of Lots 168-170;SANDY CREEK RANCHES;;C8-TC-11790;;
Sandy Creek Ranches Ph 2 Sec 1-2;SANDY CREEK RANCHES;;;;
Sandy Creek Ranches Ph 6;SANDY CREEK RANCHES;;;;
Sandy Creek Ranches Ph 5;SANDY CREEK RANCHES;;;;
The Fairways Ph 1-A At Crystal Falls II Replat;FAIRWAYS AT CRYSTAL FALLS;;201300018TR;;
Fairways At Crystal Falls Sec 2 Ph 6A;FAIRWAYS AT CRYSTAL FALLS;;201400157TR;;
The Fairways At Crystal Falls Sec 4 Ph 1;FAIRWAYS AT CRYSTAL FALLS;;201100169TR;;
The Fairways At Crystal Falls Sec 4 Ph 2A;FAIRWAYS AT CRYSTAL FALLS;2015052841;"201500125";;
Travisso Ph 1 Sec 2 Lt 25 Blk A;TRAVISSO;;"201500213";;
The Bluffs At Crystal Falls Sec 3 Ph 3F;BLUFFS AT CRYSTAL FALLS;;"201600138";;
The Bluffs At Crystal Falls Sec 3 Ph 3E;BLUFFS AT CRYSTAL FALLS;;201500043TR;;
Sandy Creek Ph 1 Sec 1-5;SANDY CREEK RANCHES;;;;
The Bluffs At Crystal Falls Sec 3 Ph 3G Amd Lt 29 Blk Q;BLUFFS AT CRYSTAL FALLS;;"201600225";;
Travisso Ph 2 Sec 1A;TRAVISSO;;201500069TR;;
The Bluffs At Crystal Falls Sec 2 Ph 2B;BLUFFS AT CRYSTAL FALLS;;201300204TR;;
The Bluffs At Crystal Falls Sec 3 Ph 3G;BLUFFS AT CRYSTAL FALLS;;"201500225";;
Travisso Sec 1 Ph 1;TRAVISSO;;201400009TR;;
Travisso Ph 2 Sec 1M;TRAVISSO;;"201700011";;
Travisso Ph 2 Sec 1J;TRAVISSO;;"201600243";;
Travisso Ph 2 Sec 1K;TRAVISSO;;"201700010";;
The Fairways At Crystal Falls Sec 3 Ph 2-Caprock At Crystal Falls Ph 2;FAIRWAYS AT CRYSTAL FALLS / CAPROCK AT CRYSTAL FALLS;;20120003TR;;
The Fairways At Crystal Falls Sec 5 Amended;FAIRWAYS AT CRYSTAL FALLS;;201300042TR;;
Sandy Creek Ranches Ph 4;SANDY CREEK RANCHES;;;;
Adjacent - Cross Creek Ph 1;CROSS CREEK;;;;
Adjacent - Cross Creek Ph 2;CROSS CREEK;;;;
The Bluffs At Crystal Falls Sec 2 Ph 2F-B;BLUFFS AT CRYSTAL FALLS;;201400196TR;;
Fairways At Crystal Falls Sec 2 Ph 8;FAIRWAYS AT CRYSTAL FALLS;201700266;;;
The Bluffs At Crystal Falls Sec 2 Ph 2D;BLUFFS AT CRYSTAL FALLS;;201200159TR;;
The Bluffs At Crystal Falls Sec 1 Ph 1C;BLUFFS AT CRYSTAL FALLS;;201100031TR;;
The Fairways At Crystal Falls Sec 2 Ph 2 Amended;FAIRWAYS AT CRYSTAL FALLS;201600048;"201300112";;
The Bluffs At Crystal Falls Sec 2 Ph 2E;BLUFFS AT CRYSTAL FALLS;;201300249TR;;
The Bluffs At Crystal Falls Sec 2 Ph 2F-A;BLUFFS AT CRYSTAL FALLS;;201400121TR;;
Fairways At Crystal Falls Sec 2 Ph 6B;FAIRWAYS AT CRYSTAL FALLS;;201400228TR;;
Travisso Ph 2 Sec 1E;TRAVISSO;;201500181TR;;
Travisso Ph 2 Sec 2B;TRAVISSO;201700049;;;
The Fairways Ph 1 at Crystal Falls 2;FAIRWAYS AT CRYSTAL FALLS;200500112;;;
Fairways At Crystal Falls Sec 2 Ph 7;FAIRWAYS AT CRYSTAL FALLS;;201500036TR;;
Fairways At Crystal Falls Sec 2 Ph 5;FAIRWAYS AT CRYSTAL FALLS;201700265;;;
The Bluffs At Crystal Falls Sec 3 Ph 3C;BLUFFS AT CRYSTAL FALLS;;"201700021";;
The Bluffs At Crystal Falls Sec 3 Ph 3B;BLUFFS AT CRYSTAL FALLS;;"201600048";;
The Bluffs At Crystal Falls Sec 3 Ph 3H;BLUFFS AT CRYSTAL FALLS;;"201600049";;
The Bluffs At Crystal Falls Sec 3 Ph 3I;BLUFFS AT CRYSTAL FALLS;;"201700133";;
The Bluffs At Crystal Falls Sec 3 Ph 3J;BLUFFS AT CRYSTAL FALLS;;"201600251";;
The Bluffs At Crystal Falls Sec 3 Ph 3L;BLUFFS AT CRYSTAL FALLS;;"201700252";;
"Lot 8A Blk Z Travisso Ph 2 Secs 2F,2G, & 2H Replat";TRAVISSO;;"201800168";;
"Travisso Ph 2 Secs 2C, 2D & 2E";TRAVISSO;;"201700083";;
The Bluffs At Crystal Falls Sec 3 Ph 3M;BLUFFS AT CRYSTAL FALLS;;"201800102";;
The Bluffs At Crystal Falls Sec 3 Ph 3K;BLUFFS AT CRYSTAL FALLS;;"201800103";;
The Bluffs At Crystal Falls Sec 3 Ph 3N;BLUFFS AT CRYSTAL FALLS;;"201800262";;
The Bluffs At Crystal Falls Sec 3 Ph 3O;BLUFFS AT CRYSTAL FALLS;;"201800336";;
Travisso Ph 2 Sec 1H Lt 37A Blk Q Amd;TRAVISSO;;"201900068";;
"Travisso Ph 4 Secs 1,2,3";TRAVISSO;;"201900224";;
Travisso Sec 1 Ph 2;TRAVISSO;;201400105TR;;
Travisso Ph 3 Sec 6;TRAVISSO;;"202000230";;
Travisso Ph 5 Sec 2 Subd;TRAVISSO;;"202100238";;
Travisso Ph 1 Sec 2 Lts 1 & 2 Blk C Amd;TRAVISSO;;201500086TR;;
Travisso Ph 2 Sec 1C;TRAVISSO;;"201500154";;
Travisso Ph 2 Sec 1B;TRAVISSO;;201500070TR;;
Travisso Sec 1 Ph 1 Lt 1 Blk I;TRAVISSO;201500051;201400009TR;;
Travisso Ph 2 Sec 1G;TRAVISSO;;"201600078";;
Travisso Ph 2 Sec 1F;TRAVISSO;;"201600059";;
Travisso Ph 2 Sec 1G Amd Lts 1 & 2 Blk R;TRAVISSO;;"201700063";;
Travisso Ph 2 Sec 2I;TRAVISSO;;201500068TR;;
Travisso Ph 2 Sec 1D;TRAVISSO;;201500179TR;;
Travisso Ph 2 Sec 2A;TRAVISSO;;"201700031";;
Travisso Ph 3 Sec 2;TRAVISSO;;"201800069";;
"Travisso Ph 2 Secs 2F,2G, & 2H";TRAVISSO;;"201700168";;
Travisso Ph 3 Sec 4;TRAVISSO;;"201800343";;
Travisso Ph 3 Sec 1 & 3;TRAVISSO;;"201800337";;
Travisso Ph 2 Sec 1H;TRAVISSO;;"201600110";;
Travisso Ph 3 Sec 5;TRAVISSO;;"201900117";;
Travisso Ph 3 Sec 7;TRAVISSO;;"202000087";;
Travisso Ph 3 Sec 8 Subd;TRAVISSO;;"202000257";;
Travisso Sec 1 Ph 2 Replat Lot 170 Blk E;TRAVISSO;;"202100131";;
Travisso Ph 2 Sec 1L;TRAVISSO;201600276;;;
The Bluffs At Crystal Falls Sec 1 Ph 1A;BLUFFS AT CRYSTAL FALLS;201100029;;;
The Bluffs At Crystal Falls Sec 2 Ph 2A;BLUFFS AT CRYSTAL FALLS;201200174;"2012087059";;
The Bluffs At Crystal Falls Sec 3 Ph 3A;BLUFFS AT CRYSTAL FALLS;201500044;"201500044";;
The Bluffs At Crystal Falls Sec 3 Ph 3D;BLUFFS AT CRYSTAL FALLS;201800101;;;
The Fairways At Crystal Falls Sec 2 Ph 3;FAIRWAYS AT CRYSTAL FALLS;;"201300101";;
The Highlands At Crystal Falls Sec 1 Ph 2A;HIGHLANDS AT CRYSTAL FALLS;2009073556;;GG;"54"
The Highlands At Crystal Falls Sec 1 Ph 2B;HIGHLANDS AT CRYSTAL FALLS;2011023492;;;
The Fairways At Crystal Falls Sec 2 Ph 1;FAIRWAYS AT CRYSTAL FALLS;201100028;"2011006086";;
The Highlands At Crystal Falls Sec I Ph 3;HIGHLANDS AT CRYSTAL FALLS;2009000861;;FF;"240"
The Bluffs At Crystal Falls Sec 1 Ph 1B;BLUFFS AT CRYSTAL FALLS;201100030;"2011005911";;
Lot 1 Blk G The Bluffs At Crystal Falls Sec 1 Ph 1B Amd;BLUFFS AT CRYSTAL FALLS;201300203;"201310429";;
Travisso Ph 4 Sec 4 & 5;TRAVISSO;202200155;;;
Bryson Ph 6;BRYSON;2022033480;;;
Bryson Ph 1 Sec 1E;BRYSON;2017105487;;;
Bryson Ph 1 Sec 1C;BRYSON;2016028619;;;
Bryson Ph 3 Sec 2;BRYSON;2018090522;;;
Bryson Ph 5 Sec 1;BRYSON;2022036521;;;
Bryson Ph 5 Sec 2;BRYSON;2022105164;;;
Bryson Ph 4 Sec 3;BRYSON;2020038591;;;
Bryson Ph 4 Sec 4;BRYSON;2020091901;;;
Bryson Ph 6;BRYSON;2022033480;;;
"Bryson Ph 4, Sec 5";BRYSON;2022136586;;;
Bryson Ph 4 Sec 2 & Ph 3 Sec 1 (LISD);BRYSON;2018089499;;;
"Horizon Lake Ph 3, Sec 1 & 2";HORIZON LAKE;2022110431;;;
Planned Palmera Ridge 12 (Apartments);PALMERA RIDGE APARTMENTS;2022068612;;;
Blockhouse Creek Farm Apartments;BLOCKHOUSE FARM APARTMENTS;;;;
"Edgewood Ph 1, Sec 1";EDGEWOOD;2022102710;;;
Palmera Bluff Sec 3 & 5;PALMERA BLUFF;2021063454;;;
Palmera Ridge Sec 4;PALMERA RIDGE;2017008656;;;
Palmera Ridge Sec 8;PALMERA RIDGE;2018029226;;;
Palmera Bluff Sec 11;PALMERA BLUFF;2020054362;;;
Palmera Bluff Sec 1;PALMERA BLUFF;2019107295;;;
Palmera Bluff Sec 4;PALMERA BLUFF;2023032044;;;
Palmera Bluff Sec 2;PALMERA BLUFF;2023031471;;;
Horizon Lake Ph 4 Sec 1;HORIZON LAKE;2021113361;;;
Overlook Estates Sec 2;OVERLOOK ESTATES;199955659;;R;"213"
Overlook Estates Sec 1;OVERLOOK ESTATES;199955658;;R;"211"
Leander Crossing Ph 3;HILLS AT LEANDER ;2018058519;;;
Leander Crossing Ph 1;LEANDER CROSSING;2015105703;;;
Horizon Lake Ph 1 Sec 3;HORIZON LAKE;2021155420;;;
Rosenbusch Ranch Ph 2;ROSENBUSCH RANCH;2022125044;;;
Parkside Village;PARKSIDE VILLAGE;2021141383;;;
Leander Heights Sec 2 Lot 17 Blk A (Replat) (Maya Townhouses);MAYA TOWNHOUSES;2006100321;;CC;"260"
HEB Leander;HEB LEANDER;2003102221;;;
HEB Leander;HEB LEANDER;2003102221;;;
HEB Leander Subdivision Lot 2A & 2B Blk A Replat;HEB LEANDER;2015064244;;;
Planned Leander Heights Apartment: Leander Heights Sec 2 (Blk A Lots 15 & 16 Amd);LEANDER HEIGHTS APARTMENTS;2014007654;;;
HEB Leander & Northside Meadows (Blk M Lot 3C Replat);HEB LEANDER;2019049397;;;
LISD;LISD;2012059320;;;
The Preserve at Mason Creek Ph 1;PRESERVE AT MASON CREEK;;;<Null>;<Null>
Planned LC Hero Apartments;LC HERO APARTMENTS;;;Y;"364"
Northline;NORTHLINE;2004039382;;Y;"364"
Northline First Rights Of Way And Lot 1 Blk 1;NORTHLINE FIRST RIGHTS OF WAY AND LOT 1 BLK 1;2020035600;;;
Rancho Sienna Sec 14 Ph 1 (Blk P Lt 30 Amd);RANCHO SIENNA;0;;;
Rancho Sienna Sec 12A (Blk K Lts 8-13 Resub);RANCHO SIENNA;0;;;
"Northline Lots 1-21, Block L and Lots 1-15, Block M";NORTHLINE TOWNHOMES;2022068177;;;
"Northline Apartments Blk S, T & U";"NORTHLINE APARTMENTS (BLK S, T & U)";2021165347;;;
"The Fairways Phase 1 at Crystal Falls 2 Lots 27, 28, and 56 Block D Amended";FAIRWAYS AT CRYSTAL FALLS;200700216;"200700216";;
Grand Mesa at Crystal Falls Amended Lt 155 Blk E;GRAND MESA AT CRYSTAL FALLS;;"200800154";;
Grand Mesa at Crystal Falls Amendment Of Lot 11 Amd Plt;GRAND MESA AT CRYSTAL FALLS;;2011050866TR;;
Grand Mesa at Crystal Falls Amd Lts 5 & 6 Blk H;GRAND MESA AT CRYSTAL FALLS;;201100176TR;;
Grand Mesa at Crystal Falls Amd Lts 47 & 48 Blk H;GRAND MESA AT CRYSTAL FALLS;;201100054TR;;
"The Fairways at Crystal Falls (Amd Lots 45 & 46,Blk A)";FAIRWAYS AT CRYSTAL FALLS;;;;
"Grand Mesa at Crystal Falls Amending Lots 12,13 & 14,Blk D";GRAND MESA AT CRYSTAL FALLS;;;;
Grand Mesa at Crystal Falls  Lot 13 Blk A Amd;GRAND MESA AT CRYSTAL FALLS;2020036307;;;
"Lot 9 Blk F Grand Mesa at Crystal Falls 2  Sec 5 Amend Lts 9,10&11 Blk F";GRAND MESA AT CRYSTAL FALLS;;"200700159";;
Lot 33A Grand Mesa at Crystal Falls 2  Sec 6 Amended Lts 33&34 Blk H;GRAND MESA AT CRYSTAL FALLS;;201200041TR;;
Lot 45A Blk H Grand Mesa at Crystal Falls 2  Sec 6 Lt 45 & 46 Blk H Amd;GRAND MESA AT CRYSTAL FALLS;;201400231TR;;
Lots 83 And 84 Blk K Grand Mesa at Crystal Falls 2  Sec 7 Amd;GRAND MESA AT CRYSTAL FALLS;;201500089TR;;
Grand Mesa at Crystal Falls Amd Lts 65-68 Blk E Grand Mesa at Crystal Falls 2  Sec 6;GRAND MESA AT CRYSTAL FALLS;;200900128TR;;
Grand Mesa at Crystal Falls Amd Plt Of Lots 25-27 Blk H Grand Mesa At Crystal Falls 2 Sec 6;GRAND MESA AT CRYSTAL FALLS;;"20100008";;
Replat Of Lots 53-55 Blk H Amended Grand Mesa at Crystal Falls 2  Sec 6;GRAND MESA AT CRYSTAL FALLS;;201200141TR;;
Grand Mesa at Crystal Falls 2 Sec 8 Ph 1;GRAND MESA AT CRYSTAL FALLS;;201500082TR;;
Tylerville Commercial Ph 1 (SD);TYLERVILLE COMMERCIAL;2018019367;;;
US 183/Us 183A;US 183/US 183A;2017058471;;;
Nameless Hollow Condominiums Ph 1-4 Amended;NAMELESS HOLLOW CONDOMINIUMS;;;;
Fairways At Crystal Falls Sec 3 Ph 1 Caprock At Crystal Falls Ph 1;FAIRWAYS AT CRYSTAL FALLS / CAPROCK AT CRYSTAL FALLS;;201000076TR;;
Lot 1 Grand Mesa 2 At Crystal Falls Amended Lots 20&21;GRAND MESA AT CRYSTAL FALLS;;;;
"HEB Leander Subdivision, Lot 1, Blk A 2nd Replat";HEB LEANDER;2015032639;;;
Hawkes Landing Ph 5;HAWKES LANDING;2020159061;;;
Atkin Addition Lots 12 And 13 Block 2 Resub;ATKIN ADDITION;34125;;l;"112"
Lakeline Ranch Ph 5;LAKELINE RANCH;2005013235;;AA;"24"
Hazlewood Ph 6 Lot 52 Blk M;HAZLEWOOD;2021084018;;;
"Atkin Addition To Leander, Texas Amended Plat Of Lots 15 & 16";ATKIN ADDITION;2003034799;;X;"160"
Westview Meadows Ph 5;WESTVIEW MEADOWS;2007097041;;EE;"43"
Pecan Creek Ph 5;PECAN CREEK;2017044846;;;
Allen Reed Acres;LEANDER HEIGHTS;8419985;;F;"49"
Oak Creek Ph 5;OAK CREEK;2015085179;;;
Atkin Addition;ATKIN ADDITION;0;;A;"160"
Alterra;ALTERRA;2018063334;;;
Austin Community College San Gabriel Campus Ph 1;AUSTIN COMMUNITY COLLEGE;2018022962;;;
Boulders At Crystal Falls Ph 6;BOULDERS AT CRYSTAL FALLS;2013108049;;;
Alta Leander Station;ALTA LEANDER STATION;2021029110;;;
1501 Leander Dr Condo (SD);LEANDER HEIGHTS;0;;;
183A Fabcon Addn;183A FABCON ADDN;2008086830;;;"165"
Anderson Commercial;ANDERSON COMMERCIAL;2015072232;;;
Hazlewood Ph 5;HAZLEWOOD;2019106929;;;
Sarita Valley Ph 5;SARITA VALLEY;2017076274;;;
Arroyo Roble;ARROYO ROBLE;2019100054;;;
Sarita Valley Ph 6;THE SARAH APARTMENTS;2017034846;;;
Boulders At Crystal Falls Ph 5;BOULDERS AT CRYSTAL FALLS;2006099831;;;
1607 Tierra Alto Condo;1607 TIERRA ALTO CONDO;2017073617;;;
190 Bagdad Condo;190 BAGDAD CONDO;2018042267;;;
Allen Reed Acres (Lt C Resub);ALLEN REED;9743639;;;
5Ws LP Subdivision;5WS LP SUBDIVISION;2009055392;;GG;"8"
"Bluffs at Crystal Falls Sec 1, Ph 1C Lots 13-15 Blk D Amd.";BLUFFS AT CRYSTAL FALLS;;201200219TR;;
Apple Springs;APPLE SPRINGS;;;;
Lakeline Ranch Ph 4 (Amd);LAKELINE RANCH TOWNHOUSES;2004035010;;Y;"343"
Connellys Crossing 4;CONNELLYS CROSSING;2015034135;;;
Pecan Creek Ph 4;PECAN CREEK;2016029667;;;
Hawkes Landing Ph 4;HAWKES LANDING;2020041739;;;
Westview Meadows Ph 4;WESTVIEW MEADOWS;2007000779;;CC;"330"
Bar W Ranch West Ph 4;BAR W RANCH WEST;2021061439;;;
Rancho Sienna Sec 7;RANCHO SIENNA;2014077627;;;
Horizon Park Sec 7;HORIZON PARK;2003079686;;X;"375"
Lakeline Ranch Ph 7 (Amd);LAKELINE RANCH;2005085682;;AA;"377"
Rancho Sienna Sec 6;RANCHO SIENNA;2014101164;;;
Horizon Park Sec 6;HORIZON PARK;2002090324;;W;"327"
Westwood Sec 6;WESTWOOD;2002045703;;W;"69"
Westwood Sec 7;WESTWOOD;2002045787;;W;"72"
Mason Addition To The Town Of Leander;LISD;0;;A;"24"
Horizon Park Sec 7 Lots 102-109 Amd;HORIZON PARK;2003100391;;Y;"36"
Kittie Hill Acres Tracts 5 And 6 (Amd);KITTIE HILL ACRES;2003080140;;Y;"378"
Oak Creek Ph 5 & 6;RETREAT AT OAK CREEK;2019075564;;;
The Bluffs Of Sandy Creek Sec II;BLUFFS AT SANDY CREEK;;;;
Palmera Ridge Sec 6;PALMERA RIDGE;2020093729;;;
Grand Mesa at Crystal Falls 2 Sect 6 Lots 1 & 2 Blk L Amd;GRAND MESA AT CRYSTAL FALLS;;200800122TR;;
Lot 27A Grand Mesa at Crystal Falls 2 Sec 6 Lt 19 Bk E & Lt 27 Blk K Grand Mesa At Crystal Falls Ii Sec 7 Amd;GRAND MESA AT CRYSTAL FALLS;;201400104TR;;
Bagdad Estates;BAGDAD ESTATES;0;;B;"392"
Bagdad Station Lot 2;BAGDAD STATION;2022012041;;;
Beaucrest Sec 1;GLENWOOD APARTMENTS (AKA BEAUCREST);1987017722;;I;"222"
Bonnet Tract;BONNET TRACT;2020107539;;;
"Bagdad Station, Lot 1 Amended & 4.507 Acres Out Of The Cochran, C. Survey Amended";BAGDAD STATION;2010086951;;;
Blueline Park;BLUELINE PARK;0;;FF;
Bagdad Meadows;BAGDAD MEADOWS;0;;D;"136"
Bagdad Commercial Park Lots 1 And 2 Block A Replat And Tracts 3-5 Of The SJ Dover Survey;BAGDAD COMMERCIAL PARK;2006066832;;;
Aven Ridge;AVEN RIDGE APARTMENTS;2019097078;;;
Bagdad Commercial Park Sec 1;BAGDAD COMMERCIAL PARK;0;;;"205"
Bagdad Plaza Llc;BAGDAD PLAZA LLC;2020007027;;;
Barnett Professional Plaza;BARNETT PROFESSIONAL PLAZA;2021101004;;;
Bagdad Falls Sub Lt 2;BAGDAD FALLS;2011065753;;;
Bagdad Falls Sub Lt 1;BAGDAD FALLS;2008020586;;;210-211
Bee Sting;BEE STING;2021034030;;;
Bar W Ranch Commercial;BAR W RANCH COMMERCIAL;2020096319;;;
Bagdad Station (Unrecorded);BAGDAD STATION (UNRECORDED);0;;;
Baylor Scott & White At Rancho Sienna;SCOTT & WHITE AT RANCHO SIENNA;0;;;
Baker Estates;BAKER ESTATES ;1986043952;;H;394-396
Beaucrest Sec 1;BEAUCREST;1987017722;;I;"222"
Bluffview Ph 2;BLUFFVIEW;2021130349;;;
Bluffview Ph 1;BLUFFVIEW;2020042113;;;
Bar W Ranch West Ph 2;BAR W RANCH WEST;2020135808;;;
Bar W Ranch West Ph 3;BAR W RANCH WEST;2021144194;;;
BORHO Ph 3;TRAILS OF SHADY OAK;2014102229;;;
BORHO Ph 1;TRAILS OF SHADY OAK;2014004381;;;
BORHO Ph 6;TRAILS OF SHADY OAK;2016005490;;;
BORHO Ph 5;TRAILS OF SHADY OAK;2014079128;;;
BORHO Ph 9;TRAILS OF SHADY OAK;2016005422;;;
BORHO Ph 8;TRAILS OF SHADY OAK;2016070719;;;
BORHO Ph 7;TRAILS OF SHADY OAK;2016070584;;;
BORHO Ph 4;TRAILS OF SHADY OAK;2014103675;;;
BORHO Ph 2;TRAILS OF SHADY OAK;2014079039;;;
Family Dollar;CONNIES COMMERCIAL;2004006730;;Y;"199"
Falcon Oaks Sec 2;FALCON OAKS;1983911007;;E;"177"
Cold Springs 1;COLD SPRINGS;2008012705;;EE;"155"
Commerce Commercial;LEANDER HEIGHTS;1997056214;;P;"114"
Cold Springs 3;COLD SPRINGS;2012021835;;;
County Glen Sec 7;COUNTY GLEN;8504233;;F;"314"
Crystal Crossing 1;CRYSTAL CROSSING;2011020824;;;
Connellys Crossing 1B;CONNELLYS CROSSING;2014097942;;;
Deerbrooke Ph 2 Sec 1;DEERBROOKE;2020009559;;;
Estates Of North Creek Ranch Sec 4;ESTATES OF NORTH CREEK RANCH;2004088494;;Z;"231"
El Dorado Village;EL DORADO VILLAGE;9661536;;N;"367"
Cold Springs 5;COLD SPRINGS;2013089271;;;
County Glen Sec 4;COUNTY GLEN;0;;D;"210"
Glory Hill Amd;GLORY HILL;8538186;;G;"264"
Falcon Oaks Sec 3;FALCON OAKS;1983904063;;E;"199"
Friske;FRISKE;8525802;;G;"120"
Falcon Oaks Sec 4;FALCON OAKS;8512418;;F;"351"
County Glen Sec 2;COUNTY GLEN;0;;D;"175"
Enclave At Maya Vista;ENCLAVE AT MAYA VISTA;2017036058;;;
El Dorado Village Lot 2;EL DORADO VILLAGE;2001020347;;U;"112"
Cold Springs 4;COLD SPRINGS;2013005238;;;
Connellys Crossing 3;CONNELLYS CROSSING;2015033986;;;
Falcon Oaks Sec 1;FALCON OAKS;0;;E;"132"
Crystal Crossing 3;CRYSTAL CROSSING;2014003409;;;
County Glen Sec 1;COUNTY GLEN;0;;C;"233"
County Glen Sec 7 Lot 10 And 11;COUNTY GLEN;2001069647;;;"87"
Falcon Oaks Sec 1 Lot 20 Block B Resub;FALCON OAKS ;1982001226;;;
County Glen Sec 8;COUNTY GLEN;8513994;;F;"379"
Dunkley;DUNKLEY;9444867;;L;"150"
Circle Diamond;CIRCLE DIAMOND;2017042198;;;
Catalina Ranch;CATALINA RANCH;2015079778;;;
Crystal Springs Ph 1;CRYSTAL SPRINGS;2018063153;;;
Giddens Weskim Estates Lot 2 Replat;GIDDENS WESKIM ESTATES;2006079099;;CC;"142"
County Glen Sec 5;COUNTY GLEN;8404258;;E;"365"
Deerbrooke Ph 2 Sec 4;DEERBROOKE;2020016685;;;
Enterprise Park;ENTERPRISE PARK;8819198;;J;"138"
Commons At Crystal Falls Lot 2 Replat;COMMONS AT CRYSTAL FALLS;2005019571;;AA;"60"
County Glen Sec 6 - Plat Modification;COUNTY GLEN;0;;;
Cedar Ridge;CEDAR RIDGE APARMENTS;2000041188;;;
Deerbrooke Ph 2 Sec 6;DEERBROOKE;2021108684;;;
Connellys Crossing 2;CONNELLYS CROSSING;2014097116;;;
County Glen Sec 3;COUNTY GLEN;0;;D;"176"
Denton;DENTON;2001025350;;U;"148"
Cold Springs 2;COLD SPRINGS;2012008535;;;
Crystal Crossing 2;CRYSTAL CROSSING;2013015990;;;
Cold Springs 7;COLD SPRINGS;2015004877;;;
Deerbrooke Ph 1;DEERBROOKE;2017023583;;;
Gateway;GATEWAY;2007065635;;DD;"260"
County Glen Sec 6;COUNTY GLEN;8412485;;E;"396"
Giddens Weskim Estates;GIDDENS WESKIM ESTATES;8626816;;H;"250"
Deerbrooke Ph 2 Sec 3;DEERBROOKE;2020011345;;;
Fairways Ph 1 At Crystal Falls 2;FAIRWAYS AT CRYSTAL FALLS;200500112;;;
Estates Of North Creek Ranch Sec 3;ESTATES OF NORTH CREEK RANCH;2003047418;;X;"247"
Cold Springs 6;COLD SPRINGS;2014020708;;;
Creek Meadows Estates;CREEK MEADOW ESTATES;2002024974;;V;"329"
Deerbrooke Ph 2 Sec 5;DEERBROOKE;2020023861;;;
Estates Of North Creek Ranch Sec 1;ESTATES OF NORTH CREEK RANCH;2001056594;;U;"685"
Estates Of North Creek Ranch Sec 2;ESTATES OF NORTH CREEK RANCH;2002015758;;V;"293"
Creek Meadows Estates Lot 12 & 13 Amd;CREEK MEADOW ESTATES;2008061952;;;13-14
County Glen Sec 5 Lot 10 & 11 Blk G Amd;COUNTY GLEN;2008090773;;;"196"
Carneros Ranch Sec 5;CARNEROS RANCH;2021041284;;;
Gabriels Overlook Sec 3;GABRIELS OVERLOOK;2005101291;;;"119"
D&W Sub;D&W;2018053338;;;
Crystal Springs Ph 1 (Blk A Lots 1 & 2 Amd);CRYSTAL SPRINGS;2014095166;;;
Gabriels Overlook Sec 4;GABRIELS OVERLOOK;2005101292;;;"121"
Carneros Ranch Sec 1;CARNEROS RANCH;2014034246;;;
Cantwell Tract (Blk A Lot 3 Replat);CANTRWELL TRACT;2016101167;;;
Commons At Crystal Falls Lot 3 Amd;COMMONS AT CRYSTAL FALLS;2015004694;;;
Fairways At Crystal Falls Sec 2 Lots 1 & 2 Blk B Amd;FAIRWAYS AT CRYSTAL FALLS;20130988788;;;
Gateway Sub Lot 11 Replat;GATEWAY;2016111515;;;
Carneros Ranch Sec 3  (Lt 1 Blk C Amd);CARNEROS RANCH;2017009385;;;
Crystal Falls Town Center Sec 1 Lot 4 Blk A Replat;CRYSTAL FALLS TOWN CENTER;2020016825;;;
Crystal Falls Town Center Sec 1 Lot 3 Blk A Replat;CRYSTAL FALLS TOWN CENTER;2016030857;;;
Eaton Sub;EATON SUB;2012063429;;;
Crystal Springs Ph 1 (Blk A Lots 1 & 2 Amd);CRYSTAL SPRINGS;2014095166;;;
Adjacent - Gabriels Overlook Sec 1;GABRIELS OVERLOOK;2000025623;;;"218"
Carneros Ranch Sec 7 (Carneros Village-22 North Mf);CARNEROS VILLAGE APPARMENTS (22 NORTH);2016058711;;;
Carneros Ranch Sec 4;CARNEROS RANCH;2019006569;;;
Boulders At Crystal Falls Ph 2;BOULDERS AT CRYSTAL FALLS;2003099537;;;
Boulders At Crystal Falls Ph 4;BOULDERS AT CRYSTAL FALLS;2005064367;;;
Boulders At Crystal Falls Ph 3;BOULDERS AT CRYSTAL FALLS;2003102342;;;
Boulders At Crystal Falls Ph 1;BOULDERS AT CRYSTAL FALLS;2002086149;;;
Carneros Ranch Sec 2;CARNEROS RANCH;2016030750;;;
Carneros Ranch Sec 8;CARNEROS RANCH;2018108914;;;
Carneros Ranch Sec 3;CARNEROS RANCH;2015105660;;;
Bryson Ph 7 & Ph 13;BRYSON;2017013968;;;
Cantwell Tract Subd Replat;CANTRWELL TRACT;2016101167;;;
"City Of Leander (Resub Lts 1, 2, 3, & 4 Blk 10)";CITY OF LEANDER;9639082;;;
Crystal Falls Arbor Condo;CRYSTAL FALLS ARBOR CONDO;0;;;
"Crystal Springs, Ph 2 Condominiums";CRYSTAL SPRINGS CONDOS;0;;;
Cottages At Deerbrooke Condo;COTTAGES AT DEERBROOKE CONDO;2021044676;;;
Crystal Falls Commercial Condo;CRYSTAL FALLS COMMERCIAL CONDO;0;;;
Gabriel Cove;GABRIEL COVE;1973009601;;;
Cherry Acres;CHERRY ACRES;;;;
Chaparral Woods Condos;CHAPARRAL WOODS CONDOS;;"2017119247";;
Elementary School No 883;ELEMENTARY SCHOOL NO 883;1990018827;;J;"314"
Deerbrooke Ph 2 Sec 7;DEERBROOKE;2021143498;;;
Connellys Crossing 1A;CONNELLYS CROSSING;2012084407;;;
Capital Metro;CAPITAL METRO;2004039382;;Y;"364"
"Crystal Springs, Ph 1 Condominiums";CRYSTAL SPRINGS CONDOS;0;;;
"Crystal Springs, Ph 3 Condominiums";CRYSTAL SPRINGS CONDOS;0;;;
Deerbrooke Ph 2 Sec 5 (Deerbrooke Cottages I);DEERBROOKE COTTAGES 1;2020023861;;;
Deerbrooke Ph 2 Sec 6;DEERBROOKE COTTAGES 2;2021108684;;;
The Enclave at Stewart Crossing;ENCLAVE AT STEWART CROSSING;2023007419;;;
Cottages At San Gabriel;COTTAGES AT SAN GABRIEL;2022106012;;;
Bryson Ph 7 & Ph 13;BRYSON;2017013968;;;
Carneros Ranch Sec 6;CARNEROS RANCH;2023058849;;;
DMR 1;DMR 1;2013035158;;;
DMR 2;DMR 2;2013067649;;;
Bryson Ridge;BRYSON;2019083446;;;
Grand Mesa 4 At Crystal Falls 2;GRAND MESA AT CRYSTAL FALLS;200500008;"2005003476";;
Grand Mesa At Crystal Falls;GRAND MESA AT CRYSTAL FALLS;200000019;"2000005329";;
Grand Mesa at Crystal Falls 2 Sec 5 Lots 100&101A Blk E Amended;GRAND MESA AT CRYSTAL FALLS;;"202000128";;
Grand Mesa at Crystal Falls 2 Sec 5 Lots 1 & 2 Blk C Amended;GRAND MESA AT CRYSTAL FALLS;;201200011TR;;
Grand Mesa 3-A at Crystal Falls;GRAND MESA AT CRYSTAL FALLS;;;;
Grand Mesa at Crystal Falls 2 Sec 5 Amd Lts 2 & 3 Blk G;GRAND MESA AT CRYSTAL FALLS;;"201600274";;
Grand Mesa 3 at Crystal Falls;GRAND MESA AT CRYSTAL FALLS;;;;
Grand Mesa at Crystal Falls 2 Sec 5 Lots 86-88 Blk E Amended;GRAND MESA AT CRYSTAL FALLS;;201100185TR;;
Grand Mesa at Crystal Falls 2 Sec 5 Amd Lts  16 & 17 Blk H;GRAND MESA AT CRYSTAL FALLS;;201400287TR;;
Grand Mesa at Crystal Falls 2 Sec 5;GRAND MESA AT CRYSTAL FALLS;200600041;;;
Grand Mesa at Crystal Falls 2;GRAND MESA AT CRYSTAL FALLS;200100236;"200600041";;
Grand Mesa at Crystal Falls 2 Sec 7;GRAND MESA AT CRYSTAL FALLS;;201300054TR;;
Grand Mesa at Crystal Falls 2 Sec 7 Amd Lts 60-62 Blk H;GRAND MESA AT CRYSTAL FALLS;;"201500261";;
Grand Mesa at Crystal Falls 2 Sec 6;GRAND MESA AT CRYSTAL FALLS;;200800122TR;;
Grand Mesa at Crystal Falls 2 Sec 8 Ph 2;GRAND MESA AT CRYSTAL FALLS;;"201800051";;
"Grand Mesa at Crystal Falls 2 Sec 7 Amd Lts 83 & 84 Blk K Lts 84A, 84B, 84C Replat";GRAND MESA AT CRYSTAL FALLS;;"201900128";;
Grand Mesa at Crystal Falls 2 Sec 7 Lt 21 Blk K Amd;GRAND MESA AT CRYSTAL FALLS;;"202000010";;
Grand Mesa at Crystal Falls 2 Sec 5 Amd Lts 138 & 139 Blk E;GRAND MESA AT CRYSTAL FALLS;;"201700074";;
Arroyo Roble;ARROYO ROBLE;2019100054;;;
Travisso Ph 4 Sec 6A;TRAVISSO;202300029;;N/A;N/A
Palmera Bluff Sec 6;PALMERA BLUFF;2022120510;;;
PEC Data Center;PEC DATA CENTER;2021175435;;;
The Square at Crystal Falls;THE SQUARE AT CRYSTAL FALLS;2022086492;;;
Hawkes Landing North Ph 2;HAWKES LANDING NORTH;2023054322;;;
Devine Lake Ph 4;DEVINE LAKE;2023058656;;;
Hidden Mesa;HIDDEN MESA;1972002962;;B;"274"
Hidden Mesa Lot 69 1St Resub;HIDDEN MESA;8534455;;G;"233"
Hidden Mesa Lot 70 Amd;HIDDEN MESA;2008074563;;;
Hidden Mesa Lot 80 Replat;HIDDEN MESA;2013016480;;;
Hidden Mesa Subd Resub Of Lot 42;HIDDEN MESA;;"201300172";;
Hidden Mesa Lot 49A & 49B Replat;HIDDEN MESA;201800148;;;
"Travisso PH 3, Sec 1,3 & 4 Reclaim Water Irrigation and Landscaping";TRAVISSO;;;N/A;N/A
Travisso Ph 5 Sec 1 Reclaimed Irrigation and Landscaping;TRAVISSO;;;;
Bryson Ridge Retail Subdivision;BRYSON RIDGE RETAIL SUBDIVISION;;;;
Horizon Lake Ph 4 Sec 2;HORIZON LAKE;2022019283;;;
"Bryson Ph 8, 9 & 12";BRYSON;2022070144;;;
Lively Ph 3;LIVELY TRACT;2022110315;;;
Bryson Ph 5/1;BRYSON;2022036521;;;
Shops at Hero Way;SHOPS AT HERO WAY;;;;
HERO WAY MEDICAL ADDITION;HERO WAY MEDICAL OFFICE PARK;2021142033;;N/A;N/A
Crystal Village Ph 1;CRYSTAL VILLAGE;2022037371;N/A;N/A;N/A
Cedar Brook ;CEDAR BROOK;2023007090;;;
Bar W Ranch West Ph 7;BAR W RANCH WEST;2023077145;;;
Bryson Ph 15 Jordan Tract;BRYSON;2023034384;;;
"Leander Heights, Sec 2, Lots 6A-1, 6B-1 & 6C-1, Blk A Amd Replat";Leander Heights;2021142735;;;
Travisso Ph 4 Sec 6B;Travisso;202300151;;N/A;N/A
Lively Ph 4;LIVELY TRACT;2023099454;;;
